Start Date,12/31/2006,,*The S&P 500 VIX Futures Index Series measures the return from a daily rolling long position in the VIX futures contracts traded on the CBOE. The short-term index is comprised of the first and second contract months.,,,,,,,
End Date,11/30/2021,,,,,,,,,
,SPX LEVEL,CDX IG 5Y SPREAD,CDX HY 5Y SPREAD,VIX SPOT,VIX FIRST MONTH FUTURE,VIX SECOND MONTH FUTURE,VIX THIRD MONTH FUTURE,CDX IG 5Y ON THE RUN TOTAL RETURN SERIES,VIX FUTURES INDEX SERIES TOTAL RETURN*,SPX TOTAL RETURN
01/05/2007,1409.71,33.854,248.506,12.14,12.38,13.48,13.83,105.01195,48746.66,2173.29
01/12/2007,1430.73,33.881,231.286,10.15,10.66,12.08,13.18,105.04101,43482.37,2206.68
01/19/2007,1430.5,32.416,216.591,10.4,11.69,12.78,13.32,105.12158,42208.82,2206.6
01/26/2007,1422.18,31.796,214.757,11.13,11.88,12.78,13.47,105.15026,42690.01,2193.89
02/02/2007,1448.39,31.791,212.7,10.08,11.2,12.24,13.08,105.18588,40621.44,2235.39
02/09/2007,1438.06,30.588,203.699,11.1,11.23,12.2,13.17,105.20411,40597.82,2220.72
02/16/2007,1455.54,30.421,191.134,10.02,11.56,12.58,13.37,105.23421,38371.57,2249.06
02/23/2007,1451.19,29.693,193.485,10.58,11.59,12.59,13.24,105.26325,38485.19,2243.26
03/02/2007,1387.17,37.185,268.624,18.61,15.19,14.59,14.69,104.94218,48222.37,2145.43
03/09/2007,1402.85,33.724,230.523,14.09,13.6,13.76,13.84,105.10501,44717.41,2170.62
03/16/2007,1386.95,37.14,261.643,16.79,15.99,15.79,15.22,104.94652,51755.72,2146.93
03/23/2007,1436.11,34.78,224.7,12.95,13.33,13.87,13.87,105.0727,43522.26,2223.12
03/30/2007,1420.86,38.244,292.071,14.64,14.49,14.39,14.5,104.91175,46878.64,2200.12
04/06/2007,1443.76,37.266,287.953,13.23,13.53,14,14.26,104.96621,44669.65,2236.71
04/13/2007,1452.85,37.08,278.031,12.2,12.39,13.57,14.02,105.00486,42756.52,2251.12
04/20/2007,1484.35,34.544,252.665,12.07,13.03,13.48,13.71,105.12482,41068.69,2300.08
04/27/2007,1494.07,36.112,262.545,12.45,13.02,13.54,13.75,105.0608,41130.95,2315.7
05/04/2007,1505.62,35.939,267.733,12.91,13.14,13.63,14.03,105.07409,41508.15,2334.61
05/11/2007,1505.85,35.584,260.879,12.95,12.77,13.94,14.23,105.09891,42071.69,2336.48
05/18/2007,1522.75,35.046,260.267,12.76,13.99,14.45,14.82,105.12959,42463.26,2363.97
05/25/2007,1515.73,34.383,256.028,13.34,13.96,14.64,14.79,105.18333,42567.39,2353.42
06/01/2007,1536.34,34.223,251.915,12.78,13.41,14.29,14.66,105.19022,41230.05,2386.63
06/08/2007,1507.67,35.116,264.23,14.84,15.08,15.14,15.46,105.12822,44863.49,2342.98
06/15/2007,1532.91,35.568,264.351,13.94,13.64,14.43,14.83,105.13554,42441.82,2382.97
06/22/2007,1502.56,39.936,313.147,15.75,15.77,15.81,15.83,104.93744,46261.14,2336.41
06/29/2007,1503.35,40.146,345.973,16.23,16.19,16.16,16.38,104.8541,47430.71,2338.25
07/06/2007,1530.44,42.03,361.854,14.72,15.3,15.73,15.8,104.81818,45498.56,2381.59
07/13/2007,1552.5,41.937,369.856,15.15,15.45,16.5,16.66,104.82585,47503.89,2416.28
07/20/2007,1534.1,52.734,451.04,16.95,17.72,17.76,17.82,104.42996,51019.4,2387.96
07/27/2007,1458.95,78.649,571.418,24.17,20.07,19.71,19.73,103.19886,57510.74,2271.41
08/03/2007,1433.06,80.924,509.64,25.16,22.61,22.29,22,103.1206,64823.93,2231.98
08/10/2007,1453.64,70.039,438.25,28.3,27.18,23.63,23.13,103.65984,71717.22,2265.36
08/17/2007,1445.94,73.424,424.168,29.99,30.07,26.47,23.89,103.53472,79972.03,2254.68
08/24/2007,1479.37,60.587,392.659,20.72,22.23,21.29,20.55,104.07583,66858.99,2307.22
08/31/2007,1473.99,70.699,419.795,23.38,23.7,22.7,21.87,103.82174,71305.97,2299.71
09/07/2007,1453.55,72.011,429.671,26.23,25.83,24.1,22.51,103.54127,76657.88,2269.32
09/14/2007,1484.25,64.449,412.682,24.92,24.8,23.78,22.45,103.82089,75145.06,2318.11
09/21/2007,1525.75,49.865,340.059,19,19.87,19.98,19.62,104.38579,62605.68,2383.55
09/28/2007,1526.75,55.873,406.484,18,18.92,19.79,19.58,104.08751,60312.4,2385.72
10/05/2007,1557.59,49.214,406.484,16.91,17.93,19.27,18.99,104.43086,58163.09,2435.16
10/12/2007,1561.8,46.859,406.484,17.73,17.95,19.45,19.42,104.50984,58657.61,2442.12
10/19/2007,1500.63,59.388,406.484,22.96,22.54,22.3,22.11,103.81647,68119.76,2346.78
10/26/2007,1535.28,60.371,406.484,19.56,20.73,21.04,21.18,103.94604,63195.94,2401.07
11/02/2007,1509.65,59.542,422.068,23.01,22.98,23.07,23.11,103.46787,69536.31,2362.21
11/09/2007,1453.7,59.542,422.068,28.5,26.96,26.36,26.09,103.08725,80198.73,2276.26
11/16/2007,1458.74,59.542,422.068,25.49,26.04,26.45,26.18,103.14673,80070.55,2285.67
11/23/2007,1440.7,79.875,527.951,25.61,25.86,25.98,26.06,103.03208,78179.38,2257.95
11/30/2007,1481.14,76.25,498.429,22.87,24.19,24.37,24.5,103.2401,73378.41,2322.34
12/07/2007,1504.66,76,477.108,20.85,21.97,23.27,23.39,103.2465,68347.99,2360.79
12/14/2007,1467.95,75.25,508.068,23.27,22.64,24.66,24.68,103.31398,72033.91,2303.79
12/21/2007,1484.46,78.25,492.302,18.47,23.1,23.29,23.15,103.17198,67648.64,2330.81
12/28/2007,1478.49,77.75,495.396,20.74,22.81,23.72,23.74,103.219,67247.62,2322.11
01/04/2008,1411.63,88.25,665.034,23.94,24.68,25.3,25.01,102.7363,72222.75,2217.59
01/11/2008,1401.02,97.5,585.699,23.68,24.96,26.15,26.05,102.36067,74377.38,2202.03
01/18/2008,1325.19,109.25,635.896,27.18,27.24,26.71,26.62,101.73775,77316.07,2083.24
01/25/2008,1330.61,106.5,614.5,29.08,26.75,25.8,25.74,101.97606,75887.15,2091.88
02/01/2008,1395.42,106.25,621.348,24.02,24.95,24.66,24.7,101.99416,71545.87,2194.43
02/08/2008,1331.29,130.5,726.191,28.01,28.39,27.63,27.56,100.94736,80595.53,2095.21
02/15/2008,1350,145.5,738.759,25.02,26.07,25.93,25.91,100.28503,75415.1,2125.85
02/22/2008,1353.11,153.5,697.928,24.06,24.87,24.83,24.66,100.06374,72336.6,2132.02
02/29/2008,1330.63,165.5,724.512,26.54,26.1,26.36,26.31,99.50083,75999.05,2097.48
03/07/2008,1293.37,176.25,780.65,27.49,26.91,26.87,26.41,98.99077,77846.52,2040.17
03/14/2008,1288.14,189,747.265,31.16,29.03,28.52,27.45,98.48919,82771.58,2032.79
03/21/2008,1329.51,157.5,747.265,26.62,27,26.08,25.86,99.77485,78463.83,2098.46
03/28/2008,1315.22,142,747.265,25.71,26.6,26.59,26.16,100.25801,77884.23,2076.56
04/04/2008,1370.4,109,747.265,22.45,23.96,24.95,24.72,101.84424,71526.26,2164.21
04/11/2008,1332.83,129,665.874,23.46,23.91,24.98,25.1,100.93607,71446.37,2106.01
04/18/2008,1390.33,103.5,586.017,20.13,22.2,22.84,23.14,102.10105,63505.34,2197.24
04/25/2008,1397.84,100,565.818,19.59,20.69,21.52,22.33,102.29922,59396.88,2209.25
05/02/2008,1413.9,85.5,522.673,18.18,19.66,20.63,21.42,102.90776,56672.88,2235.3
05/09/2008,1388.28,105,572.06,19.41,19.84,21.45,22.27,102.13844,58184.98,2196.54
05/16/2008,1425.35,91,518.731,16.47,17.15,20.14,21.5,102.87765,53912.31,2256.64
05/23/2008,1375.93,105,576.487,19.55,22.23,24.04,24.18,101.93401,59504.8,2179.05
05/30/2008,1400.38,102.188,551.357,17.83,19.38,21.77,22.63,102.30676,52422.68,2218.5
06/06/2008,1360.68,114.5,586.506,23.56,22.98,23.94,24.18,101.74915,59705.69,2157.24
06/13/2008,1360.03,113,601.707,21.22,21.62,23,23.2,101.79285,57328.4,2156.96
06/20/2008,1317.93,123.5,629.248,22.87,23.51,23.43,23.7,101.38552,58458.87,2090.82
06/27/2008,1278.38,142.125,674.362,23.44,24.55,24.18,24.36,100.58646,60796.11,2028.89
07/04/2008,1262.9,147.25,708.807,24.78,25.39,24.69,24.6,100.42824,62451.7,2004.87
07/11/2008,1239.49,139,700.518,27.49,27.15,25.25,24.99,100.8177,64396.62,1968.86
07/18/2008,1260.68,136.75,682.116,24.05,24.05,23.8,23.57,100.9285,61421.9,2002.88
07/25/2008,1257.76,134.5,691.592,22.91,23.45,23.63,23.77,101.02165,60024.09,1998.41
08/01/2008,1260.31,131.5,699.078,22.57,22.95,23.04,23.16,101.20271,58623.61,2003.16
08/08/2008,1296.32,131.5,707.629,20.66,20.91,21.87,22.62,101.22891,54705.37,2061.77
08/15/2008,1298.2,135,711.643,19.58,20.18,21.92,22.66,101.12909,54471.52,2066.36
08/22/2008,1292.2,140,711.556,18.81,21.59,22.92,23.08,100.90082,53804.71,2057.64
08/29/2008,1282.83,143,714.202,20.65,21.7,22.99,23.31,100.88791,54186.86,2043.53
09/05/2008,1242.31,141.25,688.591,23.06,23.08,23.98,24.1,100.91823,57102.09,1980.18
09/12/2008,1251.7,153,692.925,25.66,24.68,24.57,24.42,100.47824,58959.27,1996.26
09/19/2008,1255.08,150,716.986,32.07,24.74,24.38,24.2,100.63225,60312.67,2002.32
09/26/2008,1213.01,163.5,782.048,34.74,28.64,26.25,25.17,100.12595,69020.23,1935.79
10/03/2008,1099.23,166.5,850.98,45.14,35.67,31.2,28.56,99.25348,84288.17,1754.91
10/10/2008,899.22,208,1118.911,69.95,56.71,38.31,33.79,97.58571,116109,1436.56
10/17/2008,940.55,193.5,1144.589,70.33,63.25,47.04,37.28,98.04367,138649.3,1502.84
10/24/2008,876.77,225,1190.625,79.13,55.82,43.56,40.69,96.78767,161969.4,1401.29
10/31/2008,968.75,200,1105.966,59.89,54.57,44.93,41.97,97.76534,160828.3,1548.81
11/07/2008,930.99,190.25,1123.211,56.1,54.65,47.48,45.1,98.4332,164349.5,1490.31
11/14/2008,873.29,204,1200.407,66.31,62.9,53.51,49.66,97.72674,186621.3,1399.2
11/21/2008,800.03,266.5,1541.889,72.67,62.78,56.9,53.11,95.21353,219320.7,1282.59
11/28/2008,896.24,237,1379.765,55.28,53.21,50.6,47.17,96.28118,187761.8,1437.68
12/05/2008,876.07,274,1464.447,59.93,58.32,56.75,53.58,94.87118,208615.6,1406.36
12/12/2008,879.73,264,1301.927,54.28,54.58,54.46,52.8,95.41486,198658.7,1413.07
12/19/2008,887.88,213,1262.735,44.93,47.35,46.53,43.57,97.54124,173124.9,1426.39
12/26/2008,872.8,203.5,1183.406,43.38,45.15,45.65,42.81,97.9774,165851.7,1403.22
01/02/2009,931.8,197.5,1134.376,39.19,38.7,39.91,37.69,98.06684,143330.8,1499.17
01/09/2009,890.35,202.25,1178.175,42.82,44.55,44.15,40.95,98.08523,161643.3,1433.41
01/16/2009,850.12,213,1320.786,46.11,49.65,48.53,46.36,97.51805,178376,1368.92
01/23/2009,831.95,190,1404.214,47.27,50.16,47.2,45.13,97.91149,184854.7,1340.02
01/30/2009,825.88,215,1431.191,44.84,44.99,42.18,41.1,98.34606,165015.5,1330.51
02/06/2009,868.6,195,1448.955,43.37,42.6,40.1,39.15,98.59485,156578.9,1401.06
02/13/2009,826.84,200,1474.695,42.93,43.6,42.35,41.4,98.41955,164318.1,1334.83
02/20/2009,770.05,212,1532.378,49.3,46.7,44.75,41.95,97.90286,181742.2,1244.72
02/27/2009,735.09,225,1574.997,46.35,44.45,43.9,41.7,97.41293,173923,1188.84
03/06/2009,683.38,252.5,1826.779,49.33,46.65,44.15,41.4,96.38911,179229.2,1106
03/13/2009,756.55,235,1691.835,42.36,42.1,41.6,39.15,97.03764,166810.1,1225.32
03/20/2009,768.54,197,1775.846,45.89,47.05,44.45,42.5,97.02115,187966.4,1244.86
03/27/2009,815.94,184,1622.272,41.04,42.95,41.6,40.8,97.73128,172296.5,1322.19
04/03/2009,842.5,186,1320.494,39.7,41.7,41.8,41.25,97.59283,170642.2,1365.66
04/10/2009,856.56,181,1280.079,36.53,38.3,39.9,39.7,97.84639,161585,1389.49
04/17/2009,869.6,178,1304.135,33.94,36.6,36.65,36.85,98.11339,147978.1,1410.85
04/24/2009,866.23,174.5,1265.547,36.82,37.8,37.65,37.65,98.239,152893.6,1405.74
05/01/2009,877.52,164.5,1118.297,35.3,36.35,36.55,36.45,98.76777,147613.4,1424.41
05/08/2009,929.23,144,1009.626,32.05,32.2,32.8,32.75,99.71232,131833.5,1509.14
05/15/2009,882.88,156,1160.798,33.12,33.15,33.2,33.2,99.17707,133651.5,1435.48
05/22/2009,887,146,1098.416,32.63,32.75,33.05,32.4,99.67003,131143.9,1443.14
05/29/2009,919.14,137,1032.333,28.92,30.35,31.5,31.1,100.06645,122307,1495.97
06/05/2009,940.09,120.5,943.094,29.62,30.55,32.2,31.7,100.93508,124054.3,1530.82
06/12/2009,946.21,122.5,896.604,28.15,28.35,29.95,30.1,100.86352,114985.3,1541.7
06/19/2009,921.23,141.5,1047.249,27.99,31.35,31.55,31.7,100.0161,120937.4,1501.25
06/26/2009,918.9,139.5,1010.023,25.93,28.55,29.85,30.5,100.10008,111233,1498.08
07/03/2009,896.42,136.5,979.49,27.95,29.3,30.65,31.1,100.2421,114109.4,1461.8
07/10/2009,879.13,144.75,986.067,29.02,29.8,31.95,32.5,99.90335,118005.7,1434.5
07/17/2009,940.38,131,931.652,24.34,25.6,29,30.25,100.57315,105775.2,1534.71
07/24/2009,979.26,117.5,840.146,23.09,26,28.55,29,101.13728,94869.27,1598.5
07/31/2009,987.48,110.25,757.023,25.92,27.25,29.7,30,101.52253,99301.4,1612.31
08/07/2009,1010.48,105,739.848,24.76,25.65,28.05,29.05,101.81896,93526.53,1650.73
08/14/2009,1004.09,117.5,831.509,24.27,25.2,28.3,29.35,101.33942,93881.27,1641.54
08/21/2009,1026.13,114,831.306,25.01,27.35,30,29.65,101.4529,91089.49,1678.84
08/28/2009,1028.93,115,828.341,24.76,28.1,30.5,30.1,101.42797,93447.5,1684.05
09/04/2009,1016.4,120.5,857.408,25.26,27.6,30.45,29.9,101.18044,92915.44,1664.34
09/11/2009,1042.73,111,726.348,24.15,24.75,27.7,28.35,101.69387,84299.84,1708.18
09/18/2009,1068.3,102.5,658.432,23.92,26.75,28.35,27.95,102.03015,81209.67,1750.43
09/25/2009,1044.38,100,651.712,25.61,27,28.55,28.35,101.79419,81830.11,1711.53
10/02/2009,1025.21,106.75,718.525,28.68,27.85,28.8,29,101.52087,83414.23,1680.7
10/09/2009,1071.49,102.25,677.514,23.12,24.55,26.5,27.05,101.73652,75409.58,1757.6
10/16/2009,1087.68,98,645.122,21.43,22.35,25.3,26.05,101.95056,71506.96,1784.35
10/23/2009,1079.6,99.625,548.986,22.27,24.05,25.45,26.15,101.87334,67902.59,1771.5
10/30/2009,1036.2,92.5,599.891,30.69,27.85,27.7,27.95,101.46028,77248.29,1700.67
11/06/2009,1069.3,103,693.839,24.19,25.1,26.4,27,101.76864,71661.99,1756.07
11/13/2009,1093.48,99.25,580.114,23.36,24.25,25.85,27.45,101.98084,69899.44,1796.93
11/20/2009,1091.38,102.75,555.523,22.19,24.2,27,27.8,101.82659,65312.04,1794.65
11/27/2009,1091.49,106.5,690.607,24.74,24.05,27.15,28.2,101.68529,64814.65,1795.7
12/04/2009,1105.98,100,627.158,21.25,22.6,26.15,27.7,102.0398,61676.69,1820.11
12/11/2009,1106.41,93.5,588.099,21.59,22.1,26,27.6,102.32117,61270.58,1821.8
12/18/2009,1102.47,88.25,545.262,21.68,24.1,26.4,27,102.55408,56698.95,1815.5
12/25/2009,1126.48,82.5,498.455,19.47,22.1,24.75,25.25,102.85368,52254.44,1855.5
01/01/2010,1115.1,85,517.185,21.68,22.95,25.8,26,102.77455,54338.49,1837.5
01/08/2010,1144.98,77.75,484.523,18.13,19.9,22.55,23.4,103.12909,47335.02,1887.77
01/15/2010,1136.03,83.75,506.244,17.91,19.65,22.55,23.55,102.91146,47194.2,1873.3
01/22/2010,1091.76,88,576.735,27.31,24.75,25.15,25.35,102.31847,51428.18,1800.61
01/29/2010,1073.87,96.75,557.347,24.62,24.65,25.35,25.5,102.29111,51269.24,1771.4
02/05/2010,1066.19,102.875,603.795,26.11,26.1,25.85,26.15,102.12516,52836.18,1759.38
02/12/2010,1075.51,101.375,637.283,22.73,24.45,24.9,25.85,102.23752,50595.11,1776.5
02/19/2010,1109.17,90.75,564.414,20.02,21.35,23.7,24.1,102.62507,43389.43,1833.09
02/26/2010,1104.49,91.75,566.21,19.5,20.4,23.5,23.8,102.5993,41990.65,1826.27
03/05/2010,1138.7,85.5,519.109,17.42,18.55,21.6,22.6,102.93989,38449.68,1883.28
03/12/2010,1149.99,83,506.374,17.58,18.35,21.45,22.7,103.02582,38224.2,1903.29
03/19/2010,1159.9,86.75,519.249,16.97,20.2,21.7,22.7,102.88207,35910.37,1919.8
03/26/2010,1166.59,87.25,500.802,17.77,19.9,21.7,22.7,103.14326,35443.74,1931.18
04/02/2010,1178.1,85,531.693,17.47,18.8,21.05,22.25,103.15811,33882.22,1950.91
04/09/2010,1194.37,85,509.004,16.14,17.2,19.65,21.15,103.27737,31378.94,1978.86
04/16/2010,1192.13,87.25,485.085,18.36,18.2,19.95,21.45,103.19831,31963.48,1975.36
04/23/2010,1217.28,89,500,16.62,18.5,20.75,22.25,103.12781,29582.49,2017.19
04/30/2010,1186.69,92.5,574.148,22.05,21.6,23,24.1,102.98806,34101.66,1967.05
05/07/2010,1110.89,119,630.769,40.95,32.95,30.95,30.9,101.69991,48360.73,1842.32
05/14/2010,1135.68,108.125,580.755,31.24,30.1,28.75,28.75,102.25017,44166.17,1884.67
05/21/2010,1087.69,119.25,606.615,40.1,35.75,35.7,34.1,101.74345,54917.27,1806.05
05/28/2010,1089.41,117,633.422,32.07,30.4,31.3,30.55,101.91163,47049.72,1809.98
06/04/2010,1064.88,125.5,620.612,35.48,33.55,32.8,32.25,101.46063,50417.96,1769.72
06/11/2010,1091.6,124,660.768,28.79,29.3,30.9,30.8,101.53018,46783.24,1815.26
06/18/2010,1117.51,110.25,576.841,23.95,26.85,28,29.3,102.30768,40541.96,1858.7
06/25/2010,1076.77,113.75,604.455,28.53,29.75,30.35,31.75,102.09335,44773.05,1791.24
07/02/2010,1022.58,122.75,652.879,30.12,32.05,33.4,34.95,101.69067,48802.44,1701.86
07/09/2010,1077.96,110.875,578.743,24.98,26.55,29.05,31.2,102.32531,41594.56,1794.94
07/16/2010,1064.88,114,601.798,26.25,28.1,30.6,32.8,102.20346,43841.32,1773.43
07/23/2010,1102.66,106.75,569.19,23.47,26.6,29.6,31,102.55568,38013.43,1836.75
07/30/2010,1101.6,104.25,556.573,23.5,25.45,28.6,29.75,102.61769,36459.01,1835.4
08/06/2010,1121.64,104,555.845,21.74,23.7,27.75,29.2,102.69083,34698.62,1869.77
08/13/2010,1079.25,108.5,571.185,26.24,26.75,30.7,31.9,102.52362,38507.3,1800.39
08/20/2010,1071.69,108.5,573.064,25.49,29.6,32.25,32.25,102.49787,37078.5,1788.67
08/27/2010,1064.59,111,589.662,24.45,27.55,30.9,31.3,102.42696,34800.23,1777.6
09/03/2010,1104.51,103.25,555.582,21.31,23.6,27.85,29.05,102.77356,30739.67,1845.1
09/10/2010,1109.55,103.25,554.156,21.99,23.05,27,28.55,102.74834,29885.06,1854.1
09/17/2010,1125.59,104,545.399,22.01,25.05,27.8,28.7,102.80396,27733.53,1881.93
09/24/2010,1148.67,108.25,544.659,21.71,24.2,27.2,28.35,102.82879,26888.04,1920.84
10/01/2010,1146.24,104,551.868,22.5,24.75,27.85,29,103.10274,27543.83,1917.42
10/08/2010,1165.15,96.5,510.243,20.71,21.95,25.7,27.55,103.47864,25058.57,1950.18
10/15/2010,1176.19,98.75,511.729,19.03,20.95,24.05,25.8,103.39656,23548.97,1968.87
10/22/2010,1183.08,97,499.269,18.78,21.1,23.95,26.25,103.56834,20693.15,1980.83
10/29/2010,1183.26,94.5,488.264,21.2,21.75,24.25,26.4,103.67619,21254.64,1981.59
11/05/2010,1225.85,85.75,459.357,18.26,18.55,20.95,23.75,104.16392,18228,2053.77
11/12/2010,1199.21,94,488.193,20.61,20.35,22.25,25.25,103.72531,19481.46,2010.57
11/19/2010,1199.73,89.25,500,18.04,20.5,23.9,25.35,103.94331,18011.07,2012.59
11/26/2010,1189.4,95.875,524.15,22.22,21.25,24.25,25.95,103.66388,18549.13,1996.03
12/03/2010,1224.71,91.25,475.385,18.01,19.05,22.15,24.1,103.89285,16797.73,2056.4
12/10/2010,1240.4,87,480.47,17.61,18.05,20.05,21.75,104.14232,15460.92,2083.57
12/17/2010,1243.91,86.25,445.416,16.11,17.6,20.25,22.2,104.19084,15573.2,2089.95
12/24/2010,1256.77,85.75,437.389,16.47,19.85,21.55,23.25,104.2253,15238.18,2112.37
12/31/2010,1257.64,85,431.264,17.75,19.7,21.6,23.75,104.30266,15221.34,2114.29
01/07/2011,1271.5,88.75,428.891,17.14,18.7,21,22.85,104.1188,14614.59,2138.81
01/14/2011,1293.24,83.25,411.9,15.46,16.25,18.4,20.75,104.40412,12764.03,2175.68
01/21/2011,1283.35,83,413.127,18.47,18.85,21,22.2,104.44455,13079.24,2159.43
01/28/2011,1276.34,86.25,417.78,20.04,19.4,20.65,21.75,104.31867,13218.62,2147.95
02/04/2011,1310.87,81.5,397.706,15.93,17.25,18.85,20.05,104.53561,11901.54,2206.8
02/11/2011,1329.15,80,383.85,15.69,16.6,18.05,19.15,104.63363,11422.94,2239.08
02/18/2011,1343.01,79.5,381.995,16.43,18.6,19.8,20.8,104.65259,11779.82,2263.79
02/25/2011,1319.88,83,403.965,19.22,20.15,21.15,22.05,104.5289,12792.37,2226.05
03/04/2011,1321.15,84,404.945,19.06,20.05,21.15,22.05,104.51863,12794.82,2228.78
03/11/2011,1304.28,86,421.414,20.08,21.3,22.05,22.9,104.42431,13431.83,2201.81
03/18/2011,1279.21,86.5,426.037,24.44,23.35,23.65,23.9,104.3962,14294.69,2159.69
03/25/2011,1313.8,95,411.836,17.91,19.75,21.05,21.9,104.56029,12209.48,2218.42
04/01/2011,1332.41,94,437.745,17.4,19.05,20.55,21.4,104.63007,11838.77,2250.58
04/08/2011,1328.17,93.75,433.178,17.87,18.65,20.65,21.6,104.67438,11778.91,2244.74
04/15/2011,1319.68,93.875,443.179,15.32,16.75,19.65,21.15,104.6697,11129.5,2230.71
04/22/2011,1337.39,92.5,440.318,14.69,17.9,20,21.4,104.73676,10132.01,2260.84
04/29/2011,1363.61,89,421.698,14.75,16.7,18.35,19.65,105.0123,9415.86,2305.76
05/06/2011,1340.2,90.5,437.241,18.4,18.15,19.55,20.75,104.90543,10132.08,2266.97
05/13/2011,1337.77,89.75,432.854,17.07,17.35,18.65,20.25,104.94935,9645.77,2264.52
05/20/2011,1333.27,89.75,445.573,17.43,18.05,20,21.1,104.96839,9357.67,2258.21
05/27/2011,1331.1,90.25,452.737,15.98,17.1,19.05,20.1,104.9629,8892.72,2255.74
06/03/2011,1300.16,95,467.359,17.95,17.95,19.45,20.4,104.78281,9200.02,2203.81
06/10/2011,1270.98,99,506.022,18.86,18.9,19.6,20.5,104.57932,9358.18,2155
06/17/2011,1271.5,99.25,506.048,21.85,21.45,22,23.2,104.5748,10248.84,2157.14
06/24/2011,1268.45,101.5,515.212,21.1,21.05,21.55,23.1,104.52336,10026.95,2152.31
07/01/2011,1339.67,89.5,441.794,15.87,16.95,17.95,19.9,105.08346,8192.97,2274.26
07/08/2011,1343.8,93,457.8,15.95,17.1,18.25,19.85,104.9809,8302.75,2282.32
07/15/2011,1316.14,97.25,490.872,19.53,20.15,20.2,21.6,104.78003,9333.31,2235.65
07/22/2011,1345.02,93,503.066,17.52,18.25,19.9,21.05,105.01949,8428.94,2285.34
07/29/2011,1292.28,97,491.579,25.25,21.1,21.1,21.9,104.86875,9548.434,2196.08
08/05/2011,1199.38,103.5,578.7,32,29.15,26.2,25.75,104.54957,12442.44,2039.04
08/12/2011,1178.81,114,654.52,36.36,35,27.85,26.9,104.01631,13812.44,2005.67
08/19/2011,1123.53,123,705.026,43.05,35.35,31.6,30.35,103.63406,17426.22,1912.77
08/26/2011,1176.8,126,725.883,35.59,34,31,30.2,103.51792,16780.22,2004.11
09/02/2011,1173.97,114.5,669.969,33.92,34.5,32.05,30.75,103.77706,17073.99,2000.5
09/09/2011,1154.23,131.75,734.183,38.52,38.55,34.55,32.85,103.30932,18643.74,1967.47
09/16/2011,1216.01,125.75,667.597,30.98,32.05,31.85,31.25,103.63895,16801.37,2074.06
09/23/2011,1136.43,142.75,728.295,41.25,39.1,35.9,33.25,103.2866,20608.61,1938.73
09/30/2011,1131.42,144.5,780.802,42.96,42.15,37.75,34.8,103.1183,22019.61,1930.79
10/07/2011,1155.46,138.75,803.516,36.2,37.95,35.95,33.85,103.40391,20321.12,1973.42
10/14/2011,1224.58,130.5,705.638,28.24,29.75,29.35,28.9,103.90693,16400.47,2091.99
10/21/2011,1238.25,130.25,714.405,31.32,31.6,30,31.2,103.8813,17736.93,2115.86
10/28/2011,1285.09,114.5,613.073,24.53,26.25,25.55,27.35,104.76162,14823.62,2196.13
11/04/2011,1253.23,123,721.993,30.16,31.4,29.85,30.95,104.30305,17630.69,2142.34
11/11/2011,1263.86,127,860.162,30.04,31.4,30.2,31.75,104.0278,17812.31,2162.48
11/18/2011,1215.65,136,760.91,32,32.35,33.75,33.3,103.73872,19112.85,2081.42
11/25/2011,1158.67,147.5,836.534,34.47,34.5,35.6,35.05,103.20572,20322.55,1984.5
12/02/2011,1244.28,125.5,711.185,27.52,27.8,29.9,30.45,104.30659,16595.68,2132.64
12/09/2011,1255.19,121.5,692.776,26.38,27.2,29.55,30.25,104.50172,16370.4,2152.15
12/16/2011,1219.66,131.75,747.6,24.29,26.1,28.85,29.85,104.06122,15918.8,2092.18
12/23/2011,1265.33,121.5,685.902,20.73,25.7,26.4,27.45,104.55762,14145.63,2171.5
12/30/2011,1257.61,120.5,681.281,23.4,26.7,27.15,27.75,104.69931,14654.77,2158.94
01/06/2012,1277.81,120,665.026,20.63,23.05,24.4,25.55,104.6978,12897.2,2194.98
01/13/2012,1289.09,116,656.332,20.91,22.55,24.1,25.65,104.91519,12723.28,2214.73
01/20/2012,1315.38,106,594.089,18.28,21.85,23.9,25.3,105.42994,11553.89,2260.37
01/27/2012,1316.33,100.5,562.134,18.53,20.15,22.2,23.85,105.72188,10676.31,2262.35
02/03/2012,1344.9,94.375,559.072,17.1,17.95,20.55,22.5,106.03866,9744.4,2312.49
02/10/2012,1342.64,98.625,572.201,20.79,21.75,23.55,24.25,105.86131,11329.75,2309.6
02/17/2012,1361.23,98.625,559.627,17.78,22.6,24.8,25.75,105.88157,10851.68,2343.67
02/24/2012,1365.74,95.875,531.206,17.31,21.2,24.3,25.8,106.02352,10259.22,2352.34
03/02/2012,1369.63,93.75,576.178,17.29,20.4,23.7,25.45,106.14109,9933.606,2360.28
03/09/2012,1370.87,95.75,573.172,17.11,19.05,22.75,24.6,106.06625,9460.984,2363.56
03/16/2012,1404.17,88.5,541.182,14.47,16.15,21.6,23.8,106.44744,8826.851,2422.09
03/23/2012,1397.11,91.125,541.325,14.82,17,20.2,22.35,106.608,6987.239,2410.16
03/30/2012,1408.47,91.25,573.655,15.5,16.8,19,20.65,106.61441,6837.935,2430.67
04/06/2012,1398.08,100.125,615.168,16.7,18.45,20.45,21.65,106.34137,7438.14,2414.4
04/13/2012,1370.26,102.125,627.131,19.55,19.95,21.7,23.3,106.10349,7946.524,2366.84
04/20/2012,1378.53,100,624.242,17.44,19.7,21.9,23.3,106.24158,7226.41,2381.32
04/27/2012,1403.36,94.375,592.995,16.32,18.05,20.15,21.65,106.54844,6631.66,2424.78
05/04/2012,1369.1,98.75,597.151,19.16,20,21.45,22.7,106.31878,7181.01,2366.39
05/11/2012,1353.39,108.625,628.511,19.89,20.1,21.6,23,105.85395,7227.7,2341.23
05/18/2012,1295.22,123.5,682.42,25.1,28.2,28.15,28.4,105.12917,9414.15,2242.25
05/25/2012,1317.82,118.125,658.044,21.76,24.55,26.1,26.55,105.46148,8258.91,2281.92
06/01/2012,1278.05,127.063,703.613,26.66,27.75,29.15,29.2,104.9948,9287.49,2214.41
06/08/2012,1325.66,120.375,642.181,21.23,21.7,23.85,25.1,105.34437,7459.14,2297.82
06/15/2012,1342.84,117.75,627.906,21.11,21.5,23.65,25.25,105.49548,7413.7,2328.66
06/22/2012,1335.02,115.375,610.375,18.11,21.85,23.9,25.5,105.65654,6825.89,2315.65
06/29/2012,1362.16,112.25,586.578,17.08,19.55,21.95,23.65,105.8296,6178.01,2363.79
07/06/2012,1354.68,112.875,588.395,17.1,18.25,20.6,22.3,105.83923,5779.97,2352.34
07/13/2012,1356.78,111.5,586.14,16.74,17.45,19.35,21.45,105.89898,5459.88,2356.4
07/20/2012,1362.66,111.125,591.986,16.27,19.15,20.95,22.65,105.94601,5395.69,2367.26
07/27/2012,1385.97,105,561.904,16.7,18.6,20.65,22.45,106.27918,5281.77,2408.07
08/03/2012,1390.99,103.5,556.587,15.64,17.2,19.4,21.45,106.37524,4936.97,2417.77
08/10/2012,1405.87,102.375,549.73,14.74,16.35,18.55,20.5,106.45843,4715.23,2445.64
08/17/2012,1418.16,99.75,540.462,13.45,15.1,18.2,20.3,106.61517,4578.7,2469
08/24/2012,1411.13,100.5,546.036,15.18,18.55,21.2,22.95,106.5469,4666.78,2457.4
08/31/2012,1406.58,101.75,540.605,17.47,18.95,21.2,22.85,106.54608,4742.41,2450.6
09/07/2012,1437.92,92.625,496.139,14.38,15.1,17.55,19.7,106.98377,3862.87,2506.37
09/14/2012,1465.77,83,443.696,14.51,15.75,17.35,18.4,107.50743,3881.93,2556.13
09/21/2012,1460.15,96.5,457.806,13.98,16.05,17.9,19.25,107.25427,3587.3,2546.92
09/28/2012,1440.67,99,505.763,15.73,16.4,18.05,19.2,107.11374,3667.92,2513.93
10/05/2012,1460.93,95.5,488.514,14.33,15.75,17.25,18.25,107.36134,3522.82,2551.03
10/12/2012,1428.59,98,505.797,16.14,16.65,18,18.65,107.23484,3689.01,2495.28
10/19/2012,1433.19,93.875,486.986,17.06,17.6,18.45,20,107.4673,3602.39,2503.8
10/26/2012,1411.94,98.125,516.862,17.81,18.25,18.9,20.15,107.26231,3735.81,2466.8
11/02/2012,1414.2,97.5,511.727,17.59,17.8,18.6,20,107.31212,3659.34,2471.3
11/09/2012,1379.85,106.75,550.604,18.61,18.6,19.6,20.9,106.86185,3845.62,2413.92
11/16/2012,1359.88,108.625,566.033,16.41,16.75,18.2,19.9,106.72821,3551.26,2381.02
11/23/2012,1409.15,98.75,510.346,15.14,16.1,17.9,19.15,107.26917,3141.18,2468.06
11/30/2012,1416.18,98.75,500.738,15.87,15.55,17.15,18.4,107.32888,3025.02,2481.82
12/07/2012,1418.07,96.75,485.275,15.9,16,17.25,18.3,107.45309,3084.42,2486.84
12/14/2012,1413.58,95.219,480.806,17,16.85,17.2,18.25,107.56355,3112.3,2480.36
12/21/2012,1430.15,92.688,472.645,17.84,18.25,18.55,19.5,107.68531,3290.48,2510.32
12/28/2012,1402.43,96.813,500.748,22.72,22.35,21.95,22,107.51224,3987.17,2462.71
01/04/2013,1466.47,85.75,442.531,13.83,15.3,16.7,18.05,108.10962,2859.73,2575.66
01/11/2013,1472.05,87.375,433.751,13.36,14.15,16,17.65,108.05106,2709.41,2586.69
01/18/2013,1485.98,87.375,437.811,12.46,14.65,16.3,17.25,108.06945,2487.85,2611.54
01/25/2013,1502.96,84.688,430.378,12.89,14.1,15.15,16.1,108.20151,2373.84,2641.64
02/01/2013,1513.17,86.25,434.412,12.9,14.3,15.4,16.35,108.14325,2420.72,2660.7
02/08/2013,1517.93,89.375,450.424,13.02,13.8,15.05,16.1,107.99804,2362.83,2670.85
02/15/2013,1519.79,86.875,436.958,12.46,14.5,15.65,16.4,108.14235,2270.34,2676.21
02/22/2013,1515.6,86.563,451.593,14.17,14.85,15.7,16.45,108.19892,2320.28,2670.36
03/01/2013,1518.2,86.375,430.732,15.36,16.4,16.95,17.35,108.218,2549.9,2676.18
03/08/2013,1551.18,80.75,405.517,12.59,13.8,15.1,16.05,108.52201,2219.82,2735.67
03/15/2013,1560.7,78.625,392.088,11.3,12.55,14.7,15.85,108.62731,2133.5,2753.82
03/22/2013,1556.89,90.75,397.589,13.57,14.8,16,16.9,108.51523,2158.94,2747.25
03/29/2013,1569.19,90.125,429.745,12.7,14.2,15.6,16.6,108.54548,2079.3,2770.05
04/05/2013,1553.28,87.125,424.118,13.92,14.35,15.5,16.45,108.74481,2083,2742.86
04/12/2013,1588.85,82,399.394,12.06,12.75,14.15,15.3,109.0345,1885.21,2807.1
04/19/2013,1555.25,83.688,407.287,14.97,15.95,16.8,17.55,108.9574,2147.69,2747.94
04/26/2013,1582.24,78.125,383.336,13.61,14.8,15.6,16.4,109.25966,1993.59,2796.24
05/03/2013,1614.42,71.25,351.833,12.85,14.25,15.25,16.2,109.65475,1932.39,2853.88
05/10/2013,1633.7,72,348.529,12.59,13.85,15.1,16.2,109.64136,1900.53,2890.77
05/17/2013,1667.47,70.313,341.722,12.45,13.2,15.1,16.15,109.73716,1886.6,2952.56
05/24/2013,1649.6,75.5,368.729,13.99,15.5,16.5,17.3,109.47013,1936.48,2921.88
05/31/2013,1630.74,79.25,391.953,16.3,16.05,17.15,17.8,109.28421,2005.48,2889.46
06/07/2013,1643.38,81,403.43,15.14,15.8,16.9,17.7,109.22191,1982.26,2913.46
06/14/2013,1626.73,83.75,413.622,17.15,17.55,18.3,18.9,109.08391,2164.94,2885.24
06/21/2013,1592.43,94.25,463.576,18.9,19,19.4,19.9,108.58009,2246.91,2824.97
06/28/2013,1606.28,87.125,433.542,16.86,18.05,18.9,19.85,108.92228,2151,2850.66
07/05/2013,1631.89,86.625,431.817,14.89,15.95,17.45,18.75,109.00281,1949.5,2897.12
07/12/2013,1680.19,77.875,376.797,13.84,14.65,16.2,17.3,109.46065,1804.96,2984.24
07/19/2013,1692.09,72.688,350.757,12.54,14.9,16.5,17.55,109.76441,1659.14,3006.13
07/26/2013,1691.65,74.5,362.778,12.72,14.45,15.85,16.9,109.67676,1606.54,3005.51
08/02/2013,1709.67,72.625,361.447,11.98,13.15,14.65,15.75,109.78939,1472.82,3038.63
08/09/2013,1691.42,75.25,381.709,13.41,13.55,15.2,16.1,109.67103,1525.52,3008.79
08/16/2013,1655.83,81.25,405.569,14.37,14.45,15.6,16.7,109.3672,1571.59,2947.46
08/23/2013,1663.5,78.875,386.125,13.98,15.2,16.25,16.95,109.52806,1536.27,2962.06
08/30/2013,1632.97,83.75,406.315,17.01,17.5,18.15,18.65,109.27713,1758.57,2908.96
09/06/2013,1655.17,81.688,398.296,15.85,16.5,17.5,18.2,109.39885,1676.1,2949.8
09/13/2013,1687.99,77.063,371.24,14.16,14.8,15.8,16.65,109.64718,1508.2,3009.79
09/20/2013,1709.91,80.125,350.837,13.12,15,16.15,16.8,109.96808,1432.92,3049.47
09/27/2013,1691.75,80.813,396.319,15.46,15.5,16.35,16.9,109.9329,1470,3018.24
10/04/2013,1690.5,79.25,383.986,16.74,16.8,17,17.35,110.03222,1559.47,3017.05
10/11/2013,1703.2,76.74,369.466,15.72,15.7,16.4,16.95,110.18572,1501.35,3041.43
10/18/2013,1744.5,71.375,344.766,13.04,14.35,15.25,16.55,110.51743,1319.2,3115.77
10/25/2013,1759.77,71.563,345.728,13.09,14.5,15.5,16.8,110.50787,1335.16,3143.16
11/01/2013,1761.64,73.563,357.247,13.28,14.45,15.6,16.9,110.42764,1337.14,3147.21
11/08/2013,1770.61,71.5,350.265,12.9,13.6,14.85,16.35,110.55168,1267.51,3166.11
11/15/2013,1798.18,70.125,345.476,12.19,12.95,14.35,16.3,110.63757,1219.75,3217.2
11/22/2013,1804.76,68.5,340.743,12.26,13.6,15.2,16.45,110.74786,1157.35,3230.54
11/29/2013,1805.81,69.5,338.917,13.7,13.95,15.15,16.35,110.70253,1179.79,3233.72
12/06/2013,1805.09,69.25,339.51,13.79,13.95,15,16.05,110.73487,1177.27,3233.99
12/13/2013,1775.32,69.969,342.385,15.76,15.5,15.5,16.5,110.70926,1236.96,3182.07
12/20/2013,1818.32,64.75,318.778,13.79,14.45,15.45,16.35,111.01431,1155.78,3259.79
12/27/2013,1841.4,62.125,311.123,12.46,13.7,14.65,15.65,111.09217,1093.77,3302.66
01/03/2014,1831.37,62.875,311.97,13.76,14.05,14.9,15.8,111.13264,1118.44,3285.68
01/10/2014,1842.37,64,311.114,12.14,13.25,14.3,15.2,111.08283,1067.79,3306.49
01/17/2014,1838.7,65.438,318.216,12.44,13.45,14.25,15.3,111.03099,1067.8,3300.51
01/24/2014,1790.29,72.875,352.765,18.14,16.2,16.2,16.75,110.67017,1205.99,3214.13
01/31/2014,1782.59,73,349.665,18.41,17.6,17.35,17.4,110.72662,1301.15,3200.95
02/07/2014,1797.02,67.5,331.17,15.29,15.5,15.9,16.5,110.96438,1175.86,3229.64
02/14/2014,1838.63,64,316.341,13.57,14.2,14.7,15.45,111.15856,1087.17,3306.92
02/21/2014,1836.25,65.125,323.239,14.68,15.15,15.45,16.1,111.12143,1120.69,3304.36
02/28/2014,1859.45,63.375,311.133,14,15.25,15.7,16.4,111.22663,1130.52,3347.38
03/07/2014,1878.04,63.563,315.604,14.11,15.5,15.85,16.45,111.27849,1145.26,3382.57
03/14/2014,1841.13,67.563,334.14,17.82,17.7,17.1,17.25,111.05669,1241.42,3317.81
03/21/2014,1866.52,70.75,307.284,15,16,16.45,16.95,111.34235,1158.49,3363.72
03/28/2014,1857.62,70.5,340.467,14.41,15.6,16.25,16.8,111.37178,1133.58,3348.83
04/04/2014,1865.09,67.128,334.089,13.96,14.85,15.75,16.25,111.58179,1087.7,3363.41
04/11/2014,1815.69,69.5,353.559,17.03,16.85,16.65,16.85,111.46373,1165.46,3276.04
04/18/2014,1864.85,67.875,341.054,13.36,15.6,16.1,16.7,111.57117,1086.8,3365
04/25/2014,1863.4,67.188,347.344,14.06,15.6,16.2,16.65,111.62279,1087.87,3362.95
05/02/2014,1881.14,64.217,345.628,12.91,14.9,15.85,16.3,111.80257,1048.96,3395.61
05/09/2014,1878.48,63.75,341.699,12.92,14.05,15.2,15.75,111.84686,999.54,3394.05
05/16/2014,1877.86,64.875,345.444,12.44,13.25,14.65,15.4,111.81229,958.53,3395.21
05/23/2014,1900.53,63.375,321.79,11.36,13.9,15.05,15.75,111.88295,910.71,3437.58
05/30/2014,1923.57,62.125,312.911,11.4,13.3,14.8,15.6,111.97846,877.56,3480.29
06/06/2014,1949.44,57.25,298.167,10.73,12,13.3,14.25,112.26263,790.31,3528.98
06/13/2014,1936.16,59.75,307.301,12.18,12.95,13.8,14.6,112.13871,827.78,3506.58
06/20/2014,1962.87,56.75,296.77,10.85,12.9,13.9,14.8,112.30083,773.2,3555.6
06/27/2014,1960.96,57.65,300.273,11.26,12.65,13.5,14.4,112.27409,756.03,3553.35
07/04/2014,1985.44,55.425,290.057,10.32,11.8,12.8,13.7,112.42893,711.13,3598.73
07/11/2014,1967.57,58.25,303.672,12.08,12.65,13.2,13.9,112.27365,742.33,3568.08
07/18/2014,1978.22,58.55,312.311,12.06,13,13.7,14.4,112.2714,729.71,3588.21
07/25/2014,1978.34,59.5,321.464,12.69,13.5,14.3,14.85,112.23129,758.76,3588.68
08/01/2014,1925.15,66.71,354.242,17.03,16.05,16.1,16.25,111.87912,880.02,3493.18
08/08/2014,1931.59,64.65,340.919,15.77,16,16.15,16.45,111.9995,880.19,3507.21
08/15/2014,1955.06,59.75,313.507,13.15,13.25,13.9,14.55,112.27675,749.42,3552.17
08/22/2014,1988.4,57.75,314.063,11.47,13.5,14.25,14.85,112.3636,726.05,3614.5
08/29/2014,2003.37,56.575,311.169,11.98,13.8,14.55,15.2,112.44265,740.6,3643.34
09/05/2014,2007.71,56.063,315.06,12.09,13.2,14.2,14.9,112.49338,715.39,3652.26
09/12/2014,1985.54,59.95,335.445,13.31,14.05,14.8,15.25,112.30892,750,3614.06
09/19/2014,2010.4,56.11,322.866,12.11,14.15,14.95,15.4,112.51276,715.66,3660.03
09/26/2014,1982.85,64.075,355.586,14.85,15.35,15.85,16.15,112.12352,773.96,3610.98
10/03/2014,1967.9,58.6,328.987,14.55,15.2,15.8,16.15,112.40407,770.9,3584.94
10/10/2014,1906.13,71.75,385.659,21.24,19.8,18.65,18.45,112.12272,943.21,3474.23
10/17/2014,1886.76,70.4,373.549,21.99,21,19.95,19.3,112.21227,1009.66,3439.39
10/24/2014,1964.58,64.9,344.921,16.11,16.95,17.05,17.75,112.516,854.02,3581.82
10/31/2014,2018.05,63.725,344.147,14.03,15.8,16.05,16.8,112.59601,799.14,3679.99
11/07/2014,2031.92,65.4,342.145,13.12,14.8,15.5,16.4,112.52895,760.46,3708.46
11/14/2014,2039.82,65.45,343.738,13.31,14.35,15.3,16,112.53018,747.17,3724.92
11/21/2014,2063.5,63.75,341.379,12.9,14.95,16.05,16.8,112.64075,730.63,3770.03
11/28/2014,2067.56,61.5,334.84,13.33,14.85,15.95,16.75,112.79439,723.51,3778.96
12/05/2014,2075.37,62.5,343.052,11.82,13.6,15.35,16.3,112.73265,680.47,3794.68
12/12/2014,2002.33,72.6,396.26,21.08,19.6,19.15,19.45,112.21533,880.39,3663.1
12/19/2014,2070.65,64.51,348.132,16.49,16.55,17.15,17.55,112.6548,767.5,3788.97
12/26/2014,2088.77,64.08,342.347,14.5,15.825,16.525,17.05,112.69669,734.77,3823
01/02/2015,2058.2,66.975,358.017,17.79,17.825,18.225,18.475,112.55519,821.23,3768.68
01/09/2015,2044.81,69.5,367.925,17.55,18.625,18.675,18.725,112.45663,850.4,3745.67
01/16/2015,2019.42,72,378.086,20.95,20.625,20.125,20.025,112.33189,923.43,3699.79
01/23/2015,2051.82,68.05,357.85,16.66,18.375,18.525,18.875,112.55713,842.03,3759.76
01/30/2015,1994.99,70.6,370.743,20.97,21.025,20.25,20.3,112.44469,948.84,3656.28
02/06/2015,2055.47,65.85,349.222,17.29,19.175,19.55,19.8,112.68696,889.08,3770.2
02/13/2015,2096.99,64.75,343.371,14.69,16.5,18.15,18.525,112.76625,815.84,3849.29
02/20/2015,2110.3,63.625,327.522,14.3,16.925,17.85,18.425,112.84351,760.58,3875.6
02/27/2015,2104.5,61.25,320.807,13.34,15.825,17.375,17.825,112.97856,719.02,3866.42
03/06/2015,2071.26,62.135,309.918,15.2,16.225,17.775,18.025,112.93424,735.19,3807.04
03/13/2015,2053.4,65.85,328.76,16,16.425,17.875,18.275,112.75967,740.431,3776.44
03/20/2015,2108.1,61.875,311.197,13.02,16.175,17.625,18.025,112.96874,671.32,3877.26
03/27/2015,2061.02,64.675,328.248,15.07,16.225,17.725,18.175,112.88567,673.48,3791.9
04/03/2015,2066.96,62.825,340.625,14.67,15.625,17.475,18.125,113.00487,657.12,3804.14
04/10/2015,2102.06,60.69,329.203,12.58,13.425,15.425,16.475,113.13976,576.76,3870.31
04/17/2015,2081.18,63.34,339.064,13.89,15.675,16.875,17.625,113.00485,586.3011,3832.33
04/24/2015,2117.69,61,332.275,12.29,14.625,16.175,17.025,113.1578,549.9353,3900.24
05/01/2015,2108.29,62.875,337.3,12.7,14.475,15.975,16.825,113.06779,545.0698,3883.75
05/08/2015,2116.1,62.81,336.641,12.86,14.375,15.95,16.775,113.06925,545.182,3901.01
05/15/2015,2122.73,62.525,339.311,12.38,13.675,15.525,16.425,113.1136,529.1576,3915.99
05/22/2015,2126.06,63.833,339.328,12.13,14.425,15.725,16.375,113.05499,492.3884,3924.16
05/29/2015,2107.39,64.25,339.268,13.84,14.625,15.825,16.425,113.05962,498.85,3891.18
06/05/2015,2092.83,67,351.69,14.21,14.725,15.975,16.625,112.90335,503.1685,3865.83
06/12/2015,2094.11,67.55,357.2,13.78,14.2,15.375,16.075,112.89152,483.5143,3870.56
06/19/2015,2109.99,68.25,361.169,13.96,15.425,16.325,16.925,112.88602,487.0536,3900.64
06/26/2015,2101.49,67.375,341.668,14.02,14.525,15.475,16.175,112.92635,458.3625,3886.21
07/03/2015,2076.78,68.2,346.932,16.79,16.925,17.025,17.3,112.91579,523.6536,3842.06
07/10/2015,2076.62,69.35,350.767,16.83,16.775,17.175,17.575,112.86685,525.5331,3843.1
07/17/2015,2126.64,65.5,339.485,11.95,12.925,14.425,15.425,113.08128,431.9132,3936.22
07/24/2015,2079.65,71.65,360.375,13.74,14.9,15.8,16.475,112.76744,444.4557,3850.15
07/31/2015,2103.84,70.3,353.35,12.12,13.975,15.325,16.075,112.85627,420.7898,3895.8
08/07/2015,2077.57,74.75,375.351,13.39,14.275,15.225,15.925,112.61731,423.72,3849.96
08/14/2015,2091.54,76.25,380.31,12.83,14.275,15.125,15.825,112.58243,420.8066,3878.16
08/21/2015,1970.89,82.75,413.624,28.03,19.9,18.625,18.325,112.26761,548.0906,3656.67
08/28/2015,1988.87,80.25,384.688,26.05,24.425,21.875,21.375,112.41364,668.3961,3691.3
09/04/2015,1921.22,83.4,409.497,27.8,28.025,25.775,24.8,112.26647,778.3607,3567.41
09/11/2015,1961.05,79.6,379.266,23.2,23.8,22.925,22.725,112.47609,683.7112,3643.54
09/18/2015,1958.03,78.5,390.704,22.28,21.525,20.975,20.8,112.55906,642.946,3638.99
09/25/2015,1931.34,88.5,413.91,23.62,22.325,21.675,21.35,112.01661,665.4651,3589.71
10/02/2015,1951.36,92.5,495.342,20.94,21.075,20.475,20.45,111.81695,630.088,3629.04
10/09/2015,2014.89,81.6,445.799,17.08,18.175,18.375,18.725,112.44336,556.8,3748.96
10/16/2015,2033.11,81.25,442.58,15.05,16.1,17.075,17.725,112.47702,513.2839,3783.64
10/23/2015,2075.15,77.094,427.335,14.46,16.6,17.225,18.025,112.72863,499.416,3862.65
10/30/2015,2079.36,78.75,427.334,15.07,16.625,17.325,18.175,112.63325,500.2078,3871.33
11/06/2015,2099.2,79.4,433.577,14.33,15.675,16.475,17.4,112.619,473.6385,3910.98
11/13/2015,2023.04,85.875,468.816,20.08,20.325,19.875,20.125,112.3132,580.0339,3771.59
11/20/2015,2089.17,84.5,458.271,15.47,17.425,18.275,18.875,112.38637,509.1218,3897.45
11/27/2015,2090.11,84.55,451.948,15.12,17.175,18.025,18.675,112.40495,501.6373,3900.74
12/04/2015,2091.69,81.95,441.388,14.81,16.225,17.325,18.025,112.55625,479.5312,3905.31
12/11/2015,2012.37,96.4,522.904,24.39,23.65,21.925,21.575,111.80521,626.4715,3759.09
12/18/2015,2005.55,97.25,533.138,20.7,20.425,20.575,20.575,111.89147,583.829,3747.56
12/25/2015,2060.99,89.72,474.885,15.74,18.225,18.825,19.075,112.20824,522.7672,3852.31
01/01/2016,2043.94,88.375,471.532,18.21,18.525,18.875,19.025,112.27345,528.3707,3821.6
01/08/2016,1922.03,98.325,520.431,27.01,25.275,23.075,22.275,111.77488,675.6643,3595.91
01/15/2016,1880.33,110,555.445,27.02,26.475,24.35,23.65,111.30891,708.1712,3518.51
01/22/2016,1906.9,104.06,524.708,22.34,22.725,22.175,22.075,111.61664,661.4356,3568.9
01/29/2016,1940.24,101.5,506.651,20.2,21.625,21.325,21.4,111.7808,633.197,3631.96
02/05/2016,1880.05,115,549.977,23.38,24.125,23.05,22.825,111.10896,694.2433,3521.6
02/12/2016,1864.78,121.5,570.46,25.4,26.875,25.125,24.85,110.77605,762.5083,3496.28
02/19/2016,1917.78,118,550.493,20.53,22.375,22.75,22.825,110.97957,678.276,3597.92
02/26/2016,1948.05,109.8,531.036,19.81,21.475,21.825,22.075,111.41296,650.2164,3656.42
03/04/2016,1999.99,94.5,472.312,16.86,18.925,20.025,20.525,112.25327,583.9916,3755.47
03/11/2016,2022.19,83,436.37,16.5,17.625,19.1,19.75,112.84702,555.3046,3800.07
03/18/2016,2049.58,85.46,431.648,14.02,17.725,18.875,19.575,112.76544,514.9422,3852.15
03/25/2016,2035.94,83.5,451.84,14.74,17.375,19.075,19.825,112.47519,507.5654,3827.14
04/01/2016,2072.78,75.5,438.474,13.1,15.425,17.175,18.025,112.91834,453.3143,3897.66
04/08/2016,2047.6,82.38,453.637,15.36,16.675,18.525,19.325,112.56053,490.0516,3852.72
04/15/2016,2080.73,80.25,440.082,13.62,14.725,17.075,18.475,112.68955,446.9418,3916.17
04/22/2016,2091.58,73,419.811,13.22,16.175,18.025,18.975,113.10525,423.163,3937
04/29/2016,2065.3,77.5,433.122,15.7,16.875,18.975,19.775,112.87491,441.8513,3888.13
05/06/2016,2057.14,85.25,464.978,14.72,15.725,18.325,19.475,112.46851,419.9813,3875.18
05/13/2016,2046.61,83.31,453.545,15.04,15.875,18.075,19.225,112.6104,415.8687,3858.17
05/20/2016,2052.32,83.625,457.887,15.2,17.325,18.95,19.575,112.58462,398.7823,3871.75
05/27/2016,2099.06,77,433.547,13.12,15.375,17.625,18.375,112.98245,359.5319,3961.67
06/03/2016,2099.13,77.31,436.999,13.47,14.725,17.125,18.075,112.97614,347.2478,3963.23
06/10/2016,2096.07,78.625,434.952,17.03,17.525,18.425,19.325,112.90283,380.8147,3958.68
06/17/2016,2071.22,82.625,452.467,19.41,20.075,20.475,20.925,112.71732,417.0896,3914.15
06/24/2016,2037.41,87,459.349,25.76,22.65,22.125,22.025,112.51179,463.433,3850.7
07/01/2016,2102.95,77.375,424.718,14.77,16.775,18.25,19.325,113.04132,359.0843,3976.68
07/08/2016,2129.9,73.125,407.323,13.2,14.775,16.775,18.275,113.30152,325.2882,4029.75
07/15/2016,2161.74,72.875,394.392,12.67,13.825,16.325,17.775,113.39237,314.8677,4090.49
07/22/2016,2175.03,70.45,387.36,12.02,15.375,17.525,18.775,113.4599,296.1715,4116.5
07/29/2016,2173.6,72,403.082,11.87,13.825,16.425,18.025,113.38642,269.5544,4114.51
08/05/2016,2182.87,70.75,392.472,11.39,12.875,15.325,17.275,113.4914,251.6957,4134.56
08/12/2016,2184.05,72.125,388.678,11.55,12.325,14.975,16.725,113.44297,245.07,4139.63
08/19/2016,2183.87,70.565,382.204,11.34,14.675,16.675,17.725,113.52302,240.467,4142.23
08/26/2016,2169.04,72,391.398,13.65,15.125,17.025,18.025,113.49048,247.0492,4114.68
09/02/2016,2179.98,72.5,390.292,11.98,13.925,16.375,17.575,113.4561,232.0629,4137.7
09/09/2016,2127.81,73.25,407.572,17.5,16.475,17.875,18.8,113.29082,259.3013,4039.95
09/16/2016,2139.16,75.935,409.432,15.37,16.025,17.525,18.275,113.30834,255.0793,4063.97
09/23/2016,2164.69,76.87,387.346,12.29,15.575,17.075,17.725,113.61957,226.7388,4112.69
09/30/2016,2168.27,75.31,401.805,13.29,15.775,16.95,17.45,113.73575,228.6574,4121.06
10/07/2016,2153.74,74.125,401.439,13.48,15.325,16.725,17.275,113.77772,223.5118,4096.25
10/14/2016,2132.98,75.75,405.591,16.12,16.625,17.325,17.625,113.73874,234.0832,4057.28
10/21/2016,2141.16,73.75,398.288,13.34,15.575,16.525,17.875,113.8401,210.5248,4073.85
10/28/2016,2126.41,77.6,419.389,16.19,16.625,17.1,18.325,113.64701,222.202,4046.36
11/04/2016,2085.18,81,433.922,22.51,19.325,18.975,19.725,113.48709,253.1272,3970.02
11/11/2016,2164.45,75.435,416.012,14.17,14.925,16.125,17.325,113.7981,209.4261,4123.69
11/18/2016,2181.9,76.75,416.304,12.85,14.975,16.675,17.5,113.74382,193.8857,4160.58
11/25/2016,2213.35,73.185,392.823,12.34,14.325,16.175,17.175,113.96358,185.8436,4221.02
12/02/2016,2191.95,72.85,387.894,14.12,15.075,16.775,17.675,113.99428,194.3626,4182.81
12/09/2016,2259.53,66.75,355.281,11.75,13.025,15.225,16.425,114.3192,172.5749,4313.61
12/16/2016,2258.07,68.85,361.514,12.2,12.725,14.975,16.375,114.21958,169.9163,4312.4
12/23/2016,2263.79,66.5,352.967,11.44,14.275,16.025,17.275,114.35725,161.7417,4325.17
12/30/2016,2238.83,67.625,355.025,14.04,15.125,16.575,17.6,114.32252,170.0568,4278.66
01/06/2017,2276.98,64.6,342.127,11.32,12.875,14.675,16.025,114.52469,147.4018,4354.05
01/13/2017,2274.64,65.875,351.145,11.23,12.175,14.225,15.725,114.44714,142.7232,4350.11
01/20/2017,2271.31,65.81,350.265,11.54,13.825,15.225,16.375,114.47367,138.7852,4344.67
01/27/2017,2294.69,64.125,341.271,10.58,12.525,14.125,15.425,114.56838,126.6938,4389.85
02/03/2017,2297.42,63.625,321.898,10.97,12.475,13.925,15.225,114.62294,125.8991,4396.95
02/10/2017,2316.1,64.5,323.7,10.85,11.725,13.375,15.125,114.58642,120.5101,4435.42
02/17/2017,2351.16,67.5,322.511,11.49,13.125,14.35,15.15,114.65204,118.4666,4506.2
02/24/2017,2367.34,62.563,318.836,11.47,13.325,15.25,16.075,114.70908,121.5246,4539.25
03/03/2017,2383.12,59.91,306.911,10.96,12.825,14.575,15.425,114.88438,116.7399,4571.6
03/10/2017,2372.6,64.75,334.241,11.66,12.525,14.2,15.125,114.62518,113.8092,4553.28
03/17/2017,2378.25,61,321.838,11.28,11.775,13.275,14.225,114.83588,106.6413,4566.17
03/24/2017,2343.98,67.05,325.145,12.96,13.925,14.4,15.125,114.87752,111.7637,4501.11
03/31/2017,2362.72,66.25,338.894,12.37,13.275,13.575,14.25,114.94908,105.9088,4538.21
04/07/2017,2355.54,65.375,336.617,12.87,14.025,13.875,14.525,115.00803,110.019,4527.2
04/14/2017,2328.95,67.75,345.439,15.96,16.325,15.225,15.275,114.91518,123.2136,4477.07
04/21/2017,2348.69,67.15,345.152,14.63,14.325,14.225,14.825,114.94713,115.5018,4515.9
04/28/2017,2384.2,63.875,327.19,10.82,12.275,13.125,14,115.14118,100.358,4584.82
05/05/2017,2399.29,61.87,325.886,10.57,11.775,12.675,13.675,115.26517,96.547,4615.09
05/12/2017,2390.9,62.625,327.107,10.4,11.225,12.425,13.625,115.24202,94.0205,4602.96
05/19/2017,2381.73,63.51,332.692,12.04,12.725,13.475,14.175,115.21765,96.5794,4588.35
05/26/2017,2415.82,62.2,326.633,9.81,11.925,12.925,13.775,115.30066,90.8405,4655.65
06/02/2017,2439.07,59.87,321.346,9.75,11.625,12.525,13.425,115.45535,88.4402,4702.56
06/09/2017,2431.77,60.625,326.521,10.7,11.725,12.575,13.325,115.41295,88.999,4689.79
06/16/2017,2433.15,61.449,333.411,10.38,11.325,12.325,12.975,115.38754,87.0992,4695.23
06/23/2017,2438.3,60.344,335.396,10.02,11.875,12.625,13.675,115.46995,83.9119,4705.73
06/30/2017,2423.41,60.591,339.235,11.18,12.325,12.675,13.675,115.46537,86.0871,4678.36
07/07/2017,2425.18,61.621,343.124,11.19,12.575,13.075,14.075,115.42303,88.3027,4684.88
07/14/2017,2459.27,58.161,325.046,9.51,10.575,12.025,12.975,115.6301,79.6704,4751.43
07/21/2017,2472.54,56.9,322.969,9.36,11.375,12.675,13.475,115.69907,75.2873,4778.07
07/28/2017,2472.1,57.574,320.829,10.29,11.375,12.625,13.375,115.68577,75.1965,4778.02
08/04/2017,2476.83,57.774,321.95,10.03,11.275,12.775,13.525,115.68574,75.4667,4789.11
08/11/2017,2441.32,61.5,343.563,15.51,15.425,15.275,15.525,115.50418,92.7907,4723.73
08/18/2017,2425.55,62.75,345.627,14.26,14.975,15.125,15.375,115.49164,90.204,4696.22
08/25/2017,2443.05,59.75,334.568,11.28,13.075,14.025,14.425,115.63879,79.7314,4731.46
09/01/2017,2476.55,57.15,322.793,10.13,12.625,13.775,14.25,115.77209,77.693,4798.99
09/08/2017,2461.43,60.625,332.016,12.12,13.275,14.325,14.875,115.63175,81.203,4771.02
09/15/2017,2500.23,56.1,325.521,10.17,11.125,12.925,13.65,115.86007,72.1597,4848.84
09/22/2017,2502.22,59.85,330.189,9.59,12.425,13.425,13.975,115.79786,69.4448,4853.2
09/29/2017,2519.36,55.62,324.861,9.51,11.675,13.025,13.575,116.06599,65.9493,4887.97
10/06/2017,2549.33,54.195,318.883,9.65,10.825,12.525,13.125,116.14748,62.4313,4949.09
10/13/2017,2553.17,54.67,319.711,9.61,10.275,11.875,12.575,116.14965,59.4385,4957.27
10/20/2017,2575.21,52.25,308.556,9.97,11.325,12.125,13.275,116.26979,56.8279,5001.11
10/27/2017,2581.07,52.85,311.431,9.8,11.425,12.225,13.325,116.26779,57.5332,5012.75
11/03/2017,2587.84,53.4,315.872,9.14,10.975,12.325,13.475,116.2403,56.8437,5027.49
11/10/2017,2582.3,56.199,330.328,11.29,11.6,12.575,13.825,116.11238,58.2717,5020.31
11/17/2017,2578.85,55.25,326.921,11.43,12.625,13.875,14.7,116.16674,58.583,5017.45
11/24/2017,2602.42,52.781,316.336,9.67,11.425,12.825,13.75,116.34444,53.2199,5064.23
12/01/2017,2642.22,52.5,319.05,11.43,11.875,13.275,14.125,116.34115,55.1816,5145.21
12/08/2017,2651.5,50.85,316.084,9.58,10.875,12.325,13.325,116.44812,51.0379,5165.19
12/15/2017,2675.81,50.3,311.88,9.42,9.925,11.475,12.475,116.47342,47.3244,5214.1
12/22/2017,2683.34,49.45,309.417,9.9,11.425,12.325,13.175,116.54815,47.1652,5229.79
12/29/2017,2673.61,49,305.936,11.04,11.475,12.475,13.225,116.57683,47.4305,5212.76
01/05/2018,2743.15,45.5,292.339,9.22,10.475,11.725,12.575,116.77351,43.9359,5349.69
01/12/2018,2786.24,46.95,297.268,10.16,10.575,11.675,12.375,116.71399,43.957,5435.92
01/19/2018,2810.3,47.438,299.554,11.27,11.925,12.525,13.175,116.67962,45.1074,5483.57
01/26/2018,2872.87,45.25,292.004,11.08,12.325,13.075,13.725,116.82901,46.7525,5606.08
02/02/2018,2762.13,50.55,308.847,17.31,15.625,14.975,15.075,116.56777,56.2775,5392.21
02/09/2018,2619.55,60.5,352.318,29.06,27.175,20.425,19.025,116.05855,82.4623,5116.99
02/16/2018,2732.22,51.55,319.082,19.46,17.775,17.375,17.375,116.52797,71.4021,5340.82
02/23/2018,2747.3,55.55,329.4,16.49,16.775,16.9,16.925,116.31638,67.9542,5371.56
03/02/2018,2691.25,55.94,337.442,19.59,19.025,18.275,18.125,116.3162,75.9317,5265.24
03/09/2018,2786.57,54.25,327.011,14.64,15.775,16.225,16.675,116.4187,65.5979,5454.03
03/16/2018,2752.01,53.5,326.984,15.8,16.275,16.475,16.825,116.47046,67.0033,5388.74
03/23/2018,2588.26,69,355.237,24.87,20.425,19.325,18.775,116.06055,83.2591,5069.03
03/30/2018,2640.87,65.5,360.163,19.97,19.775,19.225,18.825,116.27244,81.1927,5173.19
04/06/2018,2604.47,65.74,360.611,21.49,20.625,19.525,19.225,116.30482,83.6783,5103.35
04/13/2018,2656.3,61.35,339.093,17.41,17.925,18.125,18.275,116.53987,76.4883,5207.57
04/20/2018,2670.14,60.75,340.677,16.88,17.025,17.075,17.425,116.57791,71.5262,5235.75
04/27/2018,2669.91,60.05,338.003,15.41,16.425,16.825,17.225,116.6338,69.5647,5235.73
05/04/2018,2663.42,61.7,341.652,14.77,15.875,16.375,16.775,116.55169,67.7367,5224.71
05/11/2018,2727.72,59.25,331.649,12.65,13.675,14.7,15.25,116.68817,60.3072,5354.69
05/18/2018,2712.97,61.9,341.178,13.42,14.525,15.325,15.725,116.56363,59.7555,5329.66
05/25/2018,2721.33,63.3,343.733,13.22,14.125,14.825,15.275,116.50259,58.0409,5347.31
06/01/2018,2734.62,65.25,345.399,13.46,14.425,15.175,15.575,116.41002,59.5376,5376.29
06/08/2018,2779.03,66.25,345.522,12.18,13.325,14.225,14.775,116.38333,55.4315,5465.42
06/15/2018,2779.66,60.45,331.103,11.98,12.575,13.725,14.35,116.69281,53.254,5469.37
06/22/2018,2754.88,64.6,341.804,13.77,14.425,15.075,15.525,116.50687,56.1431,5421.63
06/29/2018,2718.37,67.625,361.146,16.09,16.025,16.375,16.725,116.36372,62.4085,5350.83
07/06/2018,2759.82,64.08,344.992,13.37,14.575,15.525,16.075,116.56651,58.1508,5434.36
07/13/2018,2801.31,60.6,333.253,12.18,12.975,14.225,14.875,116.75489,53.049,5518.33
07/20/2018,2801.83,61.73,339.237,12.86,14.275,15.175,15.825,116.72749,53.117,5520.5
07/27/2018,2818.82,58.25,329.151,13.03,14.325,15.175,15.875,116.91104,53.2015,5554.31
08/03/2018,2840.35,58.9,326.772,11.64,13.525,14.8,15.575,116.88718,51.0394,5598.71
08/10/2018,2833.28,61.455,332.879,13.16,13.775,14.775,15.475,116.7738,51.1843,5588.66
08/17/2018,2850.13,61.049,335.159,12.64,13.075,14.325,15.025,116.81353,49.6689,5625.66
08/24/2018,2874.69,59.75,329.51,11.99,14.125,15.175,15.475,116.89427,48.9556,5675.12
08/31/2018,2901.52,60,330.358,12.86,14.025,15.175,15.575,116.89573,48.6681,5730.8
09/07/2018,2871.68,59.85,331.495,14.88,15.375,16.225,16.425,116.91953,52.7265,5674.58
09/14/2018,2904.98,55.625,317.263,12.07,12.875,14.375,14.875,117.13651,46.1989,5743.19
09/21/2018,2929.67,61.6,316.046,11.68,14.125,15.075,15.325,117.12026,45.3962,5792.72
09/28/2018,2913.98,59.55,331.751,12.12,13.975,14.975,15.225,117.24821,45.0389,5763.42
10/05/2018,2885.57,61.55,342.703,14.82,15.225,15.475,15.575,117.1392,47.6606,5708.9
10/12/2018,2767.13,64,353.559,21.31,19.925,18.125,17.575,117.01109,57.6422,5476.83
10/19/2018,2767.78,67.5,366.358,19.89,18.425,18.175,18.425,116.85654,58.3366,5479.3
10/26/2018,2658.69,70.525,388.181,24.16,21.075,20.075,20.025,116.70197,66.3609,5263.74
11/02/2018,2723.06,66.25,365.055,19.51,19.575,19.075,19.275,116.94707,62.1378,5392.53
11/09/2018,2781.01,66.75,368.805,17.36,17.475,17.675,18.075,116.93503,56.7359,5511.79
11/16/2018,2736.27,74.5,399.97,18.14,18.275,18.325,18.725,116.53608,59.3061,5426.86
11/23/2018,2632.56,80.25,417.101,21.52,20.475,20.525,20.425,116.24437,66.5757,5222.43
11/30/2018,2760.17,75,391.381,18.07,17.675,18.175,18.375,116.5456,57.7366,5478.91
12/07/2018,2633.08,82.65,422.309,23.23,21.425,20.675,20.175,116.15248,67.9567,5229.44
12/14/2018,2599.95,79.175,416.747,21.63,21.725,20.875,20.575,116.35793,68.656,5165.6
12/21/2018,2416.62,92.29,472.237,30.11,24.3,22.925,22.125,115.68762,80.1799,4802.51
12/28/2018,2485.74,88.25,452.697,28.34,25.325,22.975,22.025,115.92144,83.0328,4941.61
01/04/2019,2531.94,83.55,428.622,21.38,21.925,21.225,20.875,116.19485,74.1281,5035.45
01/11/2019,2596.26,77.58,404.741,18.19,19.025,19.475,19.725,116.5308,66.9614,5165.15
01/18/2019,2670.71,72.485,382.873,17.8,18.325,18.625,18.575,116.79822,63.2095,5314.78
01/25/2019,2664.76,71.96,373.863,17.42,18.275,18.525,18.425,116.85603,63.2658,5303.51
02/01/2019,2706.53,66.9,356.163,16.14,17.025,17.525,17.675,117.15376,59.4904,5389.19
02/08/2019,2707.88,67.175,361.074,15.72,16.625,17.075,17.175,117.13246,58.0627,5395.12
02/15/2019,2775.6,62.5,343.534,14.91,16.325,16.625,16.975,117.4103,55.4092,5533.27
02/22/2019,2792.67,61.5,346.562,13.51,15.175,15.925,16.375,117.4799,51.8504,5569.45
03/01/2019,2803.69,59.25,342.825,13.57,14.825,15.625,16.125,117.6095,50.8665,5595.11
03/08/2019,2743.07,63.65,363.778,16.05,16.675,16.975,17.225,117.39294,56.1013,5476.39
03/15/2019,2822.48,58,341.035,12.88,13.475,14.875,15.575,117.71081,48.3334,5637.77
03/22/2019,2800.71,68.25,348.88,16.48,16.725,17.125,17.175,117.57837,54.0313,5595.5
03/29/2019,2834.4,63.5,348.782,13.71,15.225,16.325,16.675,117.85302,49.9083,5664.46
04/05/2019,2892.74,59.995,338.202,12.82,14.325,15.675,16.075,118.06494,47.549,5782.7
04/12/2019,2907.41,56.26,325.023,12.01,12.775,14.775,15.575,118.29018,44.5256,5815.04
04/19/2019,2905.03,57.3,324.949,12.09,14.425,15.575,16.2,118.2316,43.4823,5811.13
04/26/2019,2939.88,57.095,323.842,12.73,14.325,15.525,16.125,118.26307,43.2462,5881.48
05/03/2019,2945.64,57.55,323.39,12.87,14.275,15.575,16.225,118.25928,43.2836,5894.3
05/10/2019,2881.4,60.6,338.294,16.04,16.125,16.825,17.025,118.11481,48.0941,5770.44
05/17/2019,2859.53,63.425,352.63,15.96,15.875,17.025,17.225,117.96605,48.752,5730.89
05/24/2019,2826.06,64.75,362.151,15.85,16.725,17.325,17.425,117.90028,47.9453,5665.6
05/31/2019,2752.06,69.98,391.309,18.71,18.175,18.375,18.325,117.633,51.8561,5519.27
06/07/2019,2873.34,62.315,363.065,16.3,16.725,17.225,17.325,118.08531,48.0956,5765.66
06/14/2019,2886.98,61.465,353.821,15.28,15.775,16.775,17.025,118.159,46.498,5795.96
06/21/2019,2950.46,55.25,323.121,15.4,16.525,17.125,17.375,118.52641,45.6701,5924.54
06/28/2019,2941.76,54.155,323.712,15.08,15.525,16.575,16.925,118.58313,43.3284,5908.25
07/05/2019,2990.41,53.085,321.338,13.28,14.325,15.675,16.125,118.66021,40.4335,6008.31
07/12/2019,3013.77,53.245,324.428,12.39,13.125,15.225,16.025,118.66049,38.9189,6057.77
07/19/2019,2976.61,54.065,336.731,14.45,15.875,16.725,16.975,118.65066,40.4755,5984.2
07/26/2019,3025.86,51,310.439,12.16,14.375,15.825,16.275,118.81383,36.9209,6083.82
08/02/2019,2932.05,56.563,340.187,17.61,17.475,17.675,17.675,118.53375,43.2709,5897.1
08/09/2019,2918.65,59.305,355.412,17.97,18.475,18.575,18.325,118.4176,45.7951,5873.47
08/16/2019,2888.68,58.2,357.418,18.47,18.775,19.325,19.175,118.48014,47.7676,5818.17
08/23/2019,2847.11,58.825,362.942,19.87,19.675,19.475,19.275,118.48039,48.2846,5735.63
08/30/2019,2926.46,54.075,340.62,18.98,18.825,19.175,19.125,118.75513,46.5099,5898.23
09/06/2019,2978.71,51.28,326.47,15,16.525,17.725,18.075,118.90493,42.0386,6006.07
09/13/2019,3007.39,50.2,316.677,13.74,14.475,16.875,17.575,118.9661,39.3574,6067.5
09/20/2019,2992.07,52.49,325.866,15.32,17.225,18.375,18.375,118.85696,40.1037,6037.5
09/27/2019,2961.79,61.93,333.375,17.22,18.025,19.025,18.8,118.75769,41.8441,5978.11
10/04/2019,2952.01,60.33,357.033,17.04,17.625,18.675,18.625,118.85803,41.2032,5960.43
10/11/2019,2970.27,57.25,348.705,15.58,15.825,18.075,18.425,119.04858,39.6569,6000.04
10/18/2019,2986.2,55.015,337.707,14.25,16.675,17.525,18.425,119.19163,36.4113,6033.26
10/25/2019,3022.55,53.605,331.922,12.65,15.425,16.925,17.825,119.29519,34.0122,6107.42
11/01/2019,3066.91,52.875,330.204,12.3,14.575,16.175,17.325,119.35592,32.338,6198.59
11/08/2019,3093.08,51.39,326.679,12.07,14.275,16.025,17.325,119.44569,31.9652,6256.11
11/15/2019,3120.46,51.269,331.665,12.05,12.975,15.125,16.575,119.46442,30.0137,6314.74
11/22/2019,3110.29,51.42,337.801,12.34,14.775,16.725,17.775,119.46576,29.3797,6296.34
11/29/2019,3140.98,50.068,324.774,12.62,14.125,16.375,17.675,119.56346,28.2151,6361.56
12/06/2019,3145.91,49.207,321.709,13.62,14.425,16.375,17.525,119.61587,28.7327,6374.7
12/13/2019,3168.8,47.895,296.043,12.63,12.575,15.175,16.625,119.7003,26.4725,6423.93
12/20/2019,3221.22,45.12,283.351,12.51,14.775,16.425,16.725,119.86348,25.7936,6531.75
12/27/2019,3240.02,44.025,276.781,13.43,15.125,17.025,17.175,119.94831,26.439,6571.03
01/03/2020,3234.85,45.945,281.36,14.02,15.025,16.725,16.875,119.85058,26.105,6563.32
01/10/2020,3265.35,44.201,278.803,12.56,13.575,15.725,16.075,119.95925,24.1836,6627.87
01/17/2020,3329.62,44.045,279.465,12.1,12.525,14.925,15.375,119.98313,22.8623,6759.51
01/24/2020,3295.47,46.925,295.034,14.56,16.025,16.225,16.675,119.83449,24.5048,6691.22
01/31/2020,3225.52,50.27,305.768,18.84,18.225,17.725,17.825,119.67494,27.5247,6551
02/07/2020,3327.71,46.125,290.052,15.47,16.025,16.225,16.725,119.90464,24.6604,6761.26
02/14/2020,3380.16,44.25,284.233,13.68,14.425,15.425,16.125,120.02858,23.2043,6872.68
02/21/2020,3337.75,46.52,293.9,17.08,16.925,17.325,17.175,119.90096,25.3972,6788.6
02/28/2020,2954.22,66.91,372.328,40.11,26.325,23.025,21.275,118.8567,38.151,6011.73
03/06/2020,2972.37,83.75,444.412,41.94,35.775,30.325,26.275,117.97537,50.8795,6050.8
03/13/2020,2711.02,108,550.42,57.83,53.425,43.9,34.525,116.72412,74.6839,5522.85
03/20/2020,2304.92,150.5,861.499,66.04,61.525,56.625,49.725,114.6968,104.7889,4697.09
03/27/2020,2541.47,110.25,630.394,65.54,53.425,44.825,39.45,117.10126,89.1824,5179.92
04/03/2020,2488.65,127.325,777.274,46.8,44.925,40.9,37.925,116.10567,78.0892,5075.16
04/10/2020,2789.82,82,501.156,41.67,41.275,36.925,34.65,118.98749,70.7931,5691.54
04/17/2020,2874.56,86.905,587.905,38.15,34.575,33.075,31.925,118.59157,66.4837,5865.9
04/24/2020,2836.74,93.25,674.365,35.93,36.775,35.575,34.175,118.19763,71.1661,5789.65
05/01/2020,2830.71,90.275,649.952,37.19,37.35,35.975,34.225,118.42574,71.8938,5778.53
05/08/2020,2929.8,91.05,634.062,27.98,29.325,30.725,30.575,118.40337,59.4598,5984.55
05/15/2020,2863.7,95.3,679.956,31.89,32.125,32.725,32.575,118.19014,63.8819,5852.84
05/22/2020,2955.45,87.85,624.587,28.16,30.375,31.075,30.8,118.67932,59.1919,6044.16
05/29/2020,3044.31,77.85,540.013,27.51,28.825,30.175,30.025,119.24241,56.532,6227.81
06/05/2020,3193.93,64.735,412.5,24.52,25.325,27.175,27.225,120.02209,50.2277,6536.58
06/12/2020,3041.31,78.713,486.025,36.09,35.075,34.825,33.675,119.24905,65.5211,6227.42
06/19/2020,3097.74,78.075,500.358,35.12,35.275,34.725,34.225,119.29667,66.2066,6344.7
06/26/2020,3009.05,80.825,526.528,34.73,34.525,34.475,34.225,119.14425,64.8914,6163.5
07/03/2020,3130.01,74.13,457.5,27.68,29.075,30.075,30.225,119.56661,55.3555,6414.16
07/10/2020,3185.04,73.85,500.001,27.29,28.775,30.325,30.875,119.60093,55.5341,6528.96
07/17/2020,3224.73,71.472,471.91,25.68,26.425,28.975,30.175,119.74822,52.7685,6611.86
07/24/2020,3215.63,70.345,461.094,25.84,28.725,30.525,32.525,119.83733,52.2484,6594.1
07/31/2020,3271.12,69.24,432.427,24.46,26.825,29.625,32.125,119.91245,49.2057,6709.81
08/07/2020,3351.28,64.87,387.092,22.21,24.625,27.825,30.525,120.17118,45.8052,6876.65
08/14/2020,3372.85,68.145,405.521,22.05,23.275,26.975,30.05,120.01326,44.1469,6924.28
08/21/2020,3397.16,67.33,389.386,22.54,25.925,29.575,28.875,120.05862,42.44,6977.27
08/28/2020,3508.01,66.542,368.463,22.96,26.95,31.675,30.45,120.1309,44.5163,7207.1
09/04/2020,3426.96,66.7,366.339,30.75,29.65,36.175,33.8,120.13156,50.1154,7043.62
09/11/2020,3340.97,69.804,357.776,26.87,26.325,31.875,30.575,119.98026,44.5783,6868.22
09/18/2020,3319.47,71.35,348.451,25.83,30.075,30.675,30.025,119.89817,42.0776,6826.72
09/25/2020,3298.46,59.3,398.411,26.38,31.225,32.925,31.325,119.25193,44.0527,6784.95
10/02/2020,3348.44,59.727,415.702,27.63,32.075,33.175,31.675,119.21933,44.7068,6889.65
10/09/2020,3477.13,53.28,362.522,25,26.875,29.025,28.025,119.64316,38.4838,7157.92
10/16/2020,3483.81,56.47,375.005,27.41,27.875,29.025,28.325,119.45899,38.755,7172.7
10/23/2020,3465.39,56.556,372.591,27.55,28.775,28.625,27.925,119.47072,38.4808,7135.81
10/30/2020,3269.96,65.6,421.471,38.02,34.1,34.075,31.825,118.92817,45.8458,6734.84
11/06/2020,3509.44,53.635,366.619,24.86,25.475,27.175,27.7,119.67876,35.5224,7230.51
11/13/2020,3585.15,54.269,342.697,23.1,23.325,25.075,25.725,119.64439,32.9467,7390.61
11/20/2020,3557.54,56.375,341.331,23.7,24.375,25.825,25.975,119.55377,32.0894,7336.76
11/27/2020,3638.35,51.2,306.791,20.84,22.825,25.025,25.375,119.85013,30.2824,7505.38
12/04/2020,3699.12,49.888,290.359,20.79,22.475,24.225,24.875,119.92585,29.6292,7634.77
12/11/2020,3663.46,53.931,304.007,23.31,23.625,25.575,26.075,119.71181,31.1831,7562.46
12/18/2020,3709.41,53.35,299.679,21.57,24.175,25.725,26.025,119.76041,29.4727,7659.75
12/25/2020,3703.06,53.43,297.069,21.53,23.825,25.625,25.725,119.73796,29.2063,7648.39
01/01/2021,3756.07,50,296.069,22.75,23.675,25.575,25.775,119.98673,29.0716,7759.35
01/08/2021,3824.68,49.5,292.26,21.56,22.775,24.825,25.275,120.02441,28.2922,7905.28
01/15/2021,3768.25,52.04,306.005,24.34,23.775,25.975,26.625,119.89228,29.6008,7789.79
01/22/2021,3841.47,51.21,304.912,21.91,24.875,26.525,26.975,119.94879,28.3589,7942.2
01/29/2021,3714.24,56.17,318.356,33.09,32.3859,32.4205,31.4337,119.68714,36.3114,7681.01
02/05/2021,3886.83,50.8,285.811,20.87,24.0993,26.65,27.844,120.00083,28.4653,8039.67
02/12/2021,3934.83,50.38,285.958,19.97,21.3594,25.8785,28.1491,120.04086,27.2447,8142.79
02/19/2021,3906.71,51.429,295.915,22.05,24.7988,27.8902,28.8174,119.97815,26.1216,8087.68
02/26/2021,3811.15,56.04,310.324,27.95,26.7444,28.2329,28.8544,119.7299,27.6388,7892.81
03/05/2021,3841.94,53.48,301.962,24.66,25.0507,27.2112,28.0018,119.88382,26.2485,7958.98
03/12/2021,3943.34,52.755,297.988,20.69,21.9778,25.4109,27.1016,119.93739,24.1872,8172.9
03/19/2021,3913.1,52.249,301.194,20.95,23.315,25.2669,26.2145,119.9917,22.1379,8112.13
03/26/2021,3974.54,56.04,291.836,18.86,21.3859,23.3135,24.3578,120.11535,20.3323,8240.38
04/02/2021,4019.87,50.6,296.333,17.33,20.0824,22.0336,23.131,120.45862,19.1653,8335.91
04/09/2021,4128.8,50.97,293.699,16.69,18.1505,20.8262,22.231,120.46166,17.8378,8565.57
04/16/2021,4185.47,50.24,287.528,16.25,17.0019,19.955,21.6011,120.52274,17.0216,8684.51
04/23/2021,4180.17,51.16,291.597,17.33,20.4318,22.191,23.4861,120.4813,17.4569,8674.8
04/30/2021,4181.17,50.465,287.201,18.61,20.438,22.2391,23.5,120.53009,17.4265,8678.16
05/07/2021,4232.6,50.415,286.855,16.69,18.2917,20.5424,22.208,120.55462,15.9034,8787.82
05/14/2021,4173.85,50.715,288.858,18.81,19.1312,21.3668,22.8053,120.54192,16.7314,8669.49
05/21/2021,4155.86,52.465,294.222,20.15,21.8453,23.28,23.8282,120.45643,17.1704,8635.55
05/28/2021,4204.11,50.75,287.653,16.76,19.1343,20.8509,21.8251,120.56796,15.0704,8738.77
06/04/2021,4229.89,50.086,283.21,16.42,18.1246,20.3389,21.5327,120.61823,14.4993,8795.08
06/11/2021,4247.44,48.23,275.177,15.65,16.5505,18.8501,20.3388,120.74288,13.3858,8832.94
06/18/2021,4166.45,50.965,286.711,20.7,21.339,22.2601,22.9158,120.5914,15.1013,8667.76
06/25/2021,4280.7,47.23,270.076,15.62,17.7017,19.6252,20.8498,120.81841,12.6764,8906.79
07/02/2021,4352.34,46.745,269.28,15.07,17.4706,19.4999,20.7956,120.84745,12.5609,9058.66
07/09/2021,4369.55,47.96,276.249,16.18,17.7962,19.8444,21.08,120.80394,12.8179,9096.84
07/16/2021,4327.16,50.025,286.851,18.45,18.6228,20.6339,21.7465,120.69832,13.2956,9009.89
07/23/2021,4411.79,48.415,281.212,17.2,20.3675,21.6506,22.4109,120.80797,13.1622,9187.64
07/30/2021,4395.26,49.735,292.311,18.24,20.274,22.0749,22.95,120.74136,13.171,9155.21
08/06/2021,4436.52,48.955,285.834,16.15,18.7024,20.751,21.8374,120.79321,12.2839,9243.03
08/13/2021,4468,48.395,283.915,15.45,16.631,19.486,20.8154,120.83871,11.409,9312.51
08/20/2021,4441.67,49.625,292.078,18.56,20.5273,22.1551,22.7475,120.78032,12.063,9261.31
08/27/2021,4509.37,46.55,275.299,16.39,18.9529,21.1309,21.9481,120.97053,11.2405,9404.15
09/03/2021,4535.43,46.75,274.218,16.41,18.3528,20.5624,21.7307,120.96919,10.895,9462.54
09/10/2021,4458.58,47.37,277.851,20.95,20.6249,22.1543,22.8472,120.94295,11.8287,9304.03
09/17/2021,4432.99,46.83,278.087,20.81,21.9377,22.9489,23.4405,120.98003,11.6641,9253.57
09/24/2021,4455.48,51,275.714,17.75,19.8182,21.6471,22.4088,121.07294,10.6809,9301.49
10/01/2021,4357.04,52.375,298.129,21.15,21.994,23.2158,23.6688,121.00323,11.7332,9098.25
10/08/2021,4391.34,53.875,308.279,18.77,19.7169,21.6097,22.5985,120.91808,10.7786,9173.74
10/15/2021,4471.37,51.975,298.85,16.3,17.1727,20.0983,21.5957,121.03144,9.9456,9342.15
10/22/2021,4544.9,52,301.67,15.43,19.1016,21.1001,22.7252,121.0458,9.4414,9496.86
10/29/2021,4605.38,52.325,300.988,16.26,18.7793,21.0533,22.5634,121.03716,9.332,9625.02
11/05/2021,4697.53,49.345,287.494,16.48,18.4401,20.5057,22.3321,121.23061,9.0795,9819.98
11/12/2021,4682.85,50.9,295.035,16.29,17.4182,20.108,22.0469,121.15448,8.8792,9793.22
11/19/2021,4697.96,51.78,300.466,17.91,20.7994,22.7497,23.7091,121.10917,9.1582,9828.8
11/26/2021,4594.62,57.455,327.072,28.62,26.5412,27.0096,27.1071,120.79088,11.4616,9614.25
